Workbook

Sheet 欧洲景区底表
A1: 国家 | B1: 城市 | C1: 景区 | D1: 游客口碑 | E1: 亲子友好度 | F1: 老人友好度 | G1: 夫妻友好度 | H1: 一人游友好度 | I1: 游览时长 | J1: 游览时长评分 | K1: 平均酒景预算 | L1: 预算评分 | M1: 城市交通可达性 | N1: 季节适宜性 | O1: 季节评分 | P1: 最佳旅游季节和月份 | Q1: 文化/生态/独特价值 | R1: 基础设施与配套 | S1: 性价比 | T1: 旅游安全度 | U1: 华人安全度 | V1: 适合多大年龄段的小朋友一起出行 | W1: 综合量化加权满意度 | X1: 来源/备注 | Y1: 价值评分
A2: 法国 | B2: 巴黎 | C2: 卢浮宫+塞纳河历史轴线 | D2: 9.5 | E2: 8.5 | F2: 8 | G2: 9.5 | H2: 8.8 | I2: 1.5-2天 | J2: 8.8 | K2: 中高 | L2: 7.2 | M2: 10 | N2: 全年可游，冬季体验略弱 | O2: 8.7 | P2: 4-6月,9-10月 | Q2: 文化/独特 | R2: 9.5 | S2: 7.8 | T2: 8 | U2: 7.6 | V2: 6岁+ | W2: 88.7 | X2: 由《欧洲国际版5A式景区报告_2026》转表；综合分按权重表公式重算 | Y2: 9.5
A3: 英国 | B3: 伦敦 | C3: 大英博物馆+威斯敏斯特片区 | D3: 9.4 | E3: 8.8 | F3: 8.1 | G3: 9 | H3: 9 | I3: 1-2天 | J3: 9 | K3: 中高 | L3: 7.2 | M3: 10 | N3: 全年可游 | O3: 9.2 | P3: 4-6月,9-10月 | Q3: 文化 | R3: 9.5 | S3: 7.8 | T3: 8.3 | U3: 7.8 | V3: 5岁+ | W3: 88.8 | X3: 由《欧洲国际版5A式景区报告_2026》转表；综合分按权重表公式重算 | Y3: 9.2
A4: 西班牙 | B4: 巴塞罗那 | C4: 圣家堂+高迪建筑群 | D4: 9.4 | E4: 8.4 | F4: 7.5 | G4: 9.3 | H4: 8.9 | I4: 1-2天 | J4: 9 | K4: 中 | L4: 8.2 | M4: 10 | N4: 全年可游 | O4: 9.2 | P4: 4-6月,9-10月 | Q4: 文化/独特 | R4: 9.2 | S4: 8 | T4: 8.2 | U4: 7.4 | V4: 5岁+ | W4: 88.8 | X4: 由《欧洲国际版5A式景区报告_2026》转表；综合分按权重表公式重算 | Y4: 9.5
A5: 瑞士 | B5: 琉森/因特拉肯 | C5: 少女峰地区 | D5: 9.5 | E5: 9.1 | F5: 7.8 | G5: 9.4 | H5: 9 | I5: 1-2天 | J5: 9 | K5: 高 | L5: 6.2 | M5: 8.5 | N5: 四季皆宜 | O5: 8.3 | P5: 6-9月,12-2月 | Q5: 生态/独特 | R5: 9.2 | S5: 6.8 | T5: 9.2 | U5: 8.2 | V5: 5岁+ | W5: 86.4 | X5: 由《欧洲国际版5A式景区报告_2026》转表；综合分按权重表公式重算 | Y5: 9
A6: 奥地利 | B6: 维也纳 | C6: 美泉宫+维也纳历史中心 | D6: 9.1 | E6: 8.5 | F6: 8.2 | G6: 8.9 | H6: 8.7 | I6: 1-2天 | J6: 9 | K6: 中 | L6: 8.2 | M6: 9.2 | N6: 全年可游 | O6: 9.2 | P6: 4-6月,9-12月 | Q6: 文化 | R6: 9 | S6: 8.2 | T6: 8.9 | U6: 8.3 | V6: 4岁+ | W6: 88.2 | X6: 由《欧洲国际版5A式景区报告_2026》转表；综合分按权重表公式重算 | Y6: 9.2
A7: 芬兰 | B7: 赫尔辛基/罗瓦涅米 | C7: 圣诞老人村+拉普兰体验 | D7: 8.9 | E7: 9.2 | F7: 7.8 | G7: 8.7 | H7: 8.8 | I7: 1-3天 | J7: 8 | K7: 中高 | L7: 7.2 | M7: 7.5 | N7: 冬季特色强 | O7: 8.3 | P7: 12-3月 | Q7: 亲子/生态 | R7: 8.7 | S7: 7 | T7: 9.1 | U7: 8.4 | V7: 3-12岁 | W7: 84 | X7: 由《欧洲国际版5A式景区报告_2026》转表；综合分按权重表公式重算 | Y7: 9
A8: 葡萄牙 | B8: 辛特拉 | C8: 辛特拉文化景观 | D8: 9.1 | E8: 8.2 | F8: 7.4 | G8: 9 | H8: 8.8 | I8: 1天 | J8: 9.5 | K8: 中 | L8: 8.2 | M8: 8.8 | N8: 春秋最佳 | O8: 8.8 | P8: 4-6月,9-10月 | Q8: 文化/自然 | R8: 8.4 | S8: 8.7 | T8: 8.8 | U8: 8.3 | V8: 5岁+ | W8: 87.1 | X8: 由《欧洲国际版5A式景区报告_2026》转表；综合分按权重表公式重算 | Y8: 9.3
A9: 荷兰 | B9: 阿姆斯特丹 | C9: 运河环带+博物馆区 | D9: 9 | E9: 8.6 | F9: 8 | G9: 8.8 | H9: 8.9 | I9: 1-2天 | J9: 9 | K9: 中高 | L9: 7.2 | M9: 10 | N9: 春夏秋佳 | O9: 8.6 | P9: 4-10月 | Q9: 文化 | R9: 9 | S9: 7.4 | T9: 8.7 | U9: 8.1 | V9: 4岁+ | W9: 87.3 | X9: 由《欧洲国际版5A式景区报告_2026》转表；综合分按权重表公式重算 | Y9: 9.2
A10: 捷克 | B10: 布拉格 | C10: 布拉格历史中心 | D10: 9.2 | E10: 7.9 | F10: 7 | G10: 9.4 | H10: 8.9 | I10: 1-2天 | J10: 9 | K10: 中低 | L10: 8.7 | M10: 9 | N10: 春秋最佳 | O10: 8.8 | P10: 4-6月,9-10月 | Q10: 文化/独特 | R10: 8.4 | S10: 9 | T10: 8.2 | U10: 7.7 | V10: 7岁+ | W10: 87.2 | X10: 由《欧洲国际版5A式景区报告_2026》转表；综合分按权重表公式重算 | Y10: 9.5
A11: 挪威 | B11: 卑尔根/弗洛姆 | C11: 挪威峡湾 | D11: 9.5 | E11: 8.8 | F11: 7.8 | G11: 9.4 | H11: 9 | I11: 1-3天 | J11: 8 | K11: 高 | L11: 6.2 | M11: 7.2 | N11: 夏季最佳 | O11: 8.1 | P11: 6-8月 | Q11: 生态/独特 | R11: 8.5 | S11: 6.6 | T11: 9.4 | U11: 8.3 | V11: 6岁+ | W11: 84 | X11: 由《欧洲国际版5A式景区报告_2026》转表；综合分按权重表公式重算 | Y11: 9
A12: 意大利 | B12: 罗马 | C12: 罗马斗兽场-古罗马广场 | D12: 9.4 | E12: 7.8 | F12: 6.8 | G12: 9.3 | H12: 8.5 | I12: 1天 | J12: 9.5 | K12: 中 | L12: 8.2 | M12: 9.5 | N12: 避开盛夏 | O12: 8.3 | P12: 3-5月,10-11月 | Q12: 文化/独特 | R12: 8.8 | S12: 7.9 | T12: 7.8 | U12: 7.2 | V12: 8岁+ | W12: 86.2 | X12: 由《欧洲国际版5A式景区报告_2026》转表；综合分按权重表公式重算 | Y12: 9.5
A13: 葡萄牙 | B13: 波尔图 | C13: 杜罗河谷+波尔图历史区 | D13: 8.9 | E13: 7.8 | F13: 7.6 | G13: 9 | H13: 8.9 | I13: 1-2天 | J13: 9 | K13: 中 | L13: 8.2 | M13: 8.2 | N13: 春秋最佳 | O13: 8.8 | P13: 4-6月,9-10月 | Q13: 文化/风景 | R13: 8.3 | S13: 8.8 | T13: 8.8 | U13: 8.2 | V13: 6岁+ | W13: 85.5 | X13: 由《欧洲国际版5A式景区报告_2026》转表；综合分按权重表公式重算 | Y13: 9
... A31: 希腊 | B31: 圣托里尼 | C31: 伊亚-火山海景线 | D31: 9.1 | E31: 6.5 | F31: 5.8 | G31: 9.7 | H31: 8.8 | I31: 1-2天 | J31: 9 | K31: 中高 | L31: 7.2 | M31: 7.2 | N31: 春夏秋佳 | O31: 8.6 | P31: 5-10月 | Q31: 风景/独特 | R31: 7.8 | S31: 6.8 | T31: 7.8 | U31: 7 | V31: 10岁+ | W31: 79.5 | X31: 由《欧洲国际版5A式景区报告_2026》转表；综合分按权重表公式重算 | Y31: 9

Sheet 评分权重
A1: 维度 | B1: 权重 | C1: 解释 | D1: 说明 | F1: 权重数值
A2: 游客口碑 | B2: 14% | C2: 标准化评分 | D2: 10分制折算 | F2: =VALUE(SUBSTITUTE(B2,"%",""))/100
A3: 亲子友好度 | B3: 8% | C3: 标准化评分 | D3: 10分制折算 | F3: =VALUE(SUBSTITUTE(B3,"%",""))/100
A4: 老人友好度 | B4: 7% | C4: 标准化评分 | D4: 10分制折算 | F4: =VALUE(SUBSTITUTE(B4,"%",""))/100
A5: 夫妻友好度 | B5: 7% | C5: 标准化评分 | D5: 10分制折算 | F5: =VALUE(SUBSTITUTE(B5,"%",""))/100
A6: 一人游友好度 | B6: 5% | C6: 标准化评分 | D6: 10分制折算 | F6: =VALUE(SUBSTITUTE(B6,"%",""))/100
A7: 游览时长匹配 | B7: 3% | C7: 越适合1-2天完成高质量体验，得分越高 | D7: 超长重度线路不一定占优 | F7: =VALUE(SUBSTITUTE(B7,"%",""))/100
A8: 平均酒景预算 | B8: 5% | C8: 按“1晚住宿+首道门票+市内/景区接驳”的常见旅行日成本做档位化估算 | D8: 预算越友好，得分越高 | F8: =VALUE(SUBSTITUTE(B8,"%",""))/100
A9: 城市交通可达性 | B9: 10% | C9: 标准化评分 | D9: 10分制折算 | F9: =VALUE(SUBSTITUTE(B9,"%",""))/100
A10: 季节适宜性 | B10: 5% | C10: 标准化评分 | D10: 10分制折算 | F10: =VALUE(SUBSTITUTE(B10,"%",""))/100
A11: 文化/生态/独特价值 | B11: 12% | C11: 标准化评分 | D11: 10分制折算 | F11: =VALUE(SUBSTITUTE(B11,"%",""))/100
A12: 基础设施与配套 | B12: 7% | C12: 标准化评分 | D12: 10分制折算 | F12: =VALUE(SUBSTITUTE(B12,"%",""))/100
A13: 性价比 | B13: 7% | C13: 标准化评分 | D13: 10分制折算 | F13: =VALUE(SUBSTITUTE(B13,"%",""))/100
... A15: 华人安全度 | B15: 4% | C15: 结合公开旅行风险、夜间出行感受、诈骗扰动、中文支持与亚洲面孔友好度做模型评分 | D15: 用于筛选，不替代实时预警 | F15: =VALUE(SUBSTITUTE(B15,"%",""))/100

Sheet 评分映射
A1: 文化/生态/独特价值文本 | B1: 价值评分
A2: 文化/独特 | B2: 9.5
A3: 文化 | B3: 9.2
A4: 文化/城市 | B4: 9
A5: 自然/独特 | B5: 9.4
A6: 自然 | B6: 9
A7: 自然/生态 | B7: 9.1
A8: 文化/自然 | B8: 9.3
A9: 城市/综合 | B9: 8.8
A10: 综合 | B10: 8.7
A11: 默认 | B11: 9
A13: 游览时长文本 | B13: 评分
A14: 0.5-1天 | B14: 10
A15: 1天 | B15: 9.5
A16: 1-2天 | B16: 9
A17: 1.5-2天 | B17: 8.8
A18: 2天 | B18: 8.2
A19: 2-3天 | B19: 7.5
A20: 3天+ | B20: 6.5
A21: 3天 | B21: 6.8
A23: 预算文本 | B23: 评分
A24: 低 | B24: 9.2
A25: 中低 | B25: 8.7
A26: 中 | B26: 8.2
A27: 中高 | B27: 7.2
A28: 高 | B28: 6.2
A30: 季节文本关键词 | B30: 评分
A31: 全年可游 | B31: 9.2
A32: 全年可游，冬季体验略弱 | B32: 8.7
A33: 春秋最佳 | B33: 8.8
A34: 春夏秋佳 | B34: 8.6
A35: 夏季最佳 | B35: 8.1
A36: 冬季最佳 | B36: 8
A37: 夏秋最佳 | B37: 8.4

Sheet 综合TOP10
A1: 排名 | B1: 国家 | C1: 城市 | D1: 景区 | E1: 综合分 | F1: 一句话判断
A2: 1 | B2: 法国 | C2: 巴黎 | D2: 卢浮宫+塞纳河历史轴线 | E2: 89 | F2: 文化强、可达性强
A3: 2 | B3: 英国 | C3: 伦敦 | D3: 大英博物馆+威斯敏斯特片区 | E3: 89 | F3: 文化强、可达性强
A4: 3 | B4: 西班牙 | C4: 巴塞罗那 | D4: 圣家堂+高迪建筑群 | E4: 88 | F4: 均衡型强目的地
A5: 4 | B5: 瑞士 | C5: 琉森/因特拉肯 | D5: 少女峰地区 | E5: 88 | F5: 自然稀缺性突出
A6: 5 | B6: 奥地利 | C6: 维也纳 | D6: 美泉宫+维也纳历史中心 | E6: 88 | F6: 均衡型强目的地
A7: 6 | B7: 芬兰 | C7: 赫尔辛基/罗瓦涅米 | D7: 圣诞老人村+拉普兰体验 | E7: 88 | F7: 亲子向极强
A8: 7 | B8: 葡萄牙 | C8: 辛特拉 | D8: 辛特拉文化景观 | E8: 87 | F8: 均衡型强目的地
A9: 8 | B9: 荷兰 | C9: 阿姆斯特丹 | D9: 运河环带+博物馆区 | E9: 87 | F9: 均衡型强目的地
A10: 9 | B10: 捷克 | C10: 布拉格 | D10: 布拉格历史中心 | E10: 87 | F10: 均衡型强目的地
A11: 10 | B11: 挪威 | C11: 卑尔根/弗洛姆 | D11: 挪威峡湾 | E11: 87 | F11: 自然稀缺性突出

Sheet 场景建议
A1: 场景 | B1: 建议目的地
A2: 亲子优先 | B2: 芬兰拉普兰、伦敦博物馆片区、巴塞罗那高迪线、维也纳美泉宫、少女峰地区
A3: 老人同游优先 | B3: 维也纳、伦敦、萨尔茨堡、阿姆斯特丹、波尔图
A4: 夫妻旅行优先 | B4: 巴黎、威尼斯、圣托里尼、杜布罗夫尼克、布鲁日
A5: 一人游优先 | B5: 伦敦、柏林、阿姆斯特丹、布拉格、冰岛南岸
A6: 高性价比优先 | B6: 布达佩斯、布拉格、塞维利亚、波尔图、柏林
A7: 自然景观优先 | B7: 挪威峡湾、少女峰、马特洪峰、冰岛南岸、拉普兰

Sheet 方法说明
A1: 项目 | B1: 说明
A2: 数据范围 | B2: 欧洲代表性热门文化/自然/城市型景区，共30个样本景区。
A3: 字段口径 | B3: 沿用此前国际版5A式景区模板字段，并新增旅游安全度、华人安全度、儿童年龄段。
A4: 综合评分 | B4: 综合量化加权满意度 = 各维度10分制评分 × 权重后再乘10，结果为百分制。
A5: 预算说明 | B5: 平均酒景预算为档位化字段：低/中低/中/中高/高；另转换为预算评分参与加权。
A6: 时长说明 | B6: 游览时长为文本字段，同时映射为游览时长评分参与加权。
A7: 季节说明 | B7: 季节适宜性为文本字段，同时映射为季节评分参与加权。
A8: 来源 | B8: 由已生成的《欧洲国际版5A式景区报告_2026.docx》转表。
A9: 注意 | B9: 用于筛选与比较，不替代官方旅游分级、实时治安预警或签证政策查询。

Sheet 公式校验
A1: 国家 | B1: 城市 | C1: 景区 | D1: 游客口碑 | E1: 亲子友好度 | F1: 老人友好度 | G1: 夫妻友好度 | H1: 一人游友好度 | I1: 游览时长 | J1: 游览时长评分 | K1: 平均酒景预算 | L1: 预算评分 | M1: 城市交通可达性 | N1: 季节适宜性 | O1: 季节评分 | P1: 最佳旅游季节和月份 | Q1: 文化/生态/独特价值 | R1: 基础设施与配套 | S1: 性价比 | T1: 旅游安全度 | U1: 华人安全度 | V1: 适合多大年龄段的小朋友一起出行 | W1: 综合量化加权满意度 | X1: 来源/备注 | Y1: 价值评分
A2: 法国 | B2: 巴黎 | C2: 卢浮宫+塞纳河历史轴线 | D2: 9.5 | E2: 8.5 | F2: 8 | G2: 9.5 | H2: 8.8 | I2: 1.5-2天 | J2: 8.8 | K2: 中高 | L2: 7.2 | M2: 10 | N2: 全年可游，冬季体验略弱 | O2: 8.7 | P2: 4-6月,9-10月 | Q2: 文化/独特 | R2: 9.5 | S2: 7.8 | T2: 8 | U2: 7.6 | V2: 6岁+ | W2: =ROUND((D2*评分权重!$F$2+E2*评分权重!$F$3+F2*评分权重!$F$4+G2*评分权重!$F$5+H2*评分权重!$F$6+J2*评分权重!$F$7+L2*评分权重!$F$8+M2*评分权重!$F$9+O2*评分权重!$F$10+Y2*评分权重!$F$11+R2*评分权重!$F$12+S2*评分权重!$F$13+T2*评分权重!$F$14+U2*评分权重!$F$15)*10,1) | X2: 由《欧洲国际版5A式景区报告_2026》转表；综合分按权重表公式重算 | Y2: =IFERROR(VLOOKUP(Q2,评分映射!$A$2:$B$10,2,FALSE),9)
A3: 英国 | B3: 伦敦 | C3: 大英博物馆+威斯敏斯特片区 | D3: 9.4 | E3: 8.8 | F3: 8.1 | G3: 9 | H3: 9 | I3: 1-2天 | J3: 9 | K3: 中高 | L3: 7.2 | M3: 10 | N3: 全年可游 | O3: 9.2 | P3: 4-6月,9-10月 | Q3: 文化 | R3: 9.5 | S3: 7.8 | T3: 8.3 | U3: 7.8 | V3: 5岁+ | W3: =ROUND((D3*评分权重!$F$2+E3*评分权重!$F$3+F3*评分权重!$F$4+G3*评分权重!$F$5+H3*评分权重!$F$6+J3*评分权重!$F$7+L3*评分权重!$F$8+M3*评分权重!$F$9+O3*评分权重!$F$10+Y3*评分权重!$F$11+R3*评分权重!$F$12+S3*评分权重!$F$13+T3*评分权重!$F$14+U3*评分权重!$F$15)*10,1) | X3: 由《欧洲国际版5A式景区报告_2026》转表；综合分按权重表公式重算 | Y3: =IFERROR(VLOOKUP(Q3,评分映射!$A$2:$B$10,2,FALSE),9)
A4: 西班牙 | B4: 巴塞罗那 | C4: 圣家堂+高迪建筑群 | D4: 9.4 | E4: 8.4 | F4: 7.5 | G4: 9.3 | H4: 8.9 | I4: 1-2天 | J4: 9 | K4: 中 | L4: 8.2 | M4: 10 | N4: 全年可游 | O4: 9.2 | P4: 4-6月,9-10月 | Q4: 文化/独特 | R4: 9.2 | S4: 8 | T4: 8.2 | U4: 7.4 | V4: 5岁+ | W4: =ROUND((D4*评分权重!$F$2+E4*评分权重!$F$3+F4*评分权重!$F$4+G4*评分权重!$F$5+H4*评分权重!$F$6+J4*评分权重!$F$7+L4*评分权重!$F$8+M4*评分权重!$F$9+O4*评分权重!$F$10+Y4*评分权重!$F$11+R4*评分权重!$F$12+S4*评分权重!$F$13+T4*评分权重!$F$14+U4*评分权重!$F$15)*10,1) | X4: 由《欧洲国际版5A式景区报告_2026》转表；综合分按权重表公式重算 | Y4: =IFERROR(VLOOKUP(Q4,评分映射!$A$2:$B$10,2,FALSE),9)
A5: 瑞士 | B5: 琉森/因特拉肯 | C5: 少女峰地区 | D5: 9.5 | E5: 9.1 | F5: 7.8 | G5: 9.4 | H5: 9 | I5: 1-2天 | J5: 9 | K5: 高 | L5: 6.2 | M5: 8.5 | N5: 四季皆宜 | O5: 8.3 | P5: 6-9月,12-2月 | Q5: 生态/独特 | R5: 9.2 | S5: 6.8 | T5: 9.2 | U5: 8.2 | V5: 5岁+ | W5: =ROUND((D5*评分权重!$F$2+E5*评分权重!$F$3+F5*评分权重!$F$4+G5*评分权重!$F$5+H5*评分权重!$F$6+J5*评分权重!$F$7+L5*评分权重!$F$8+M5*评分权重!$F$9+O5*评分权重!$F$10+Y5*评分权重!$F$11+R5*评分权重!$F$12+S5*评分权重!$F$13+T5*评分权重!$F$14+U5*评分权重!$F$15)*10,1) | X5: 由《欧洲国际版5A式景区报告_2026》转表；综合分按权重表公式重算 | Y5: =IFERROR(VLOOKUP(Q5,评分映射!$A$2:$B$10,2,FALSE),9)
A6: 奥地利 | B6: 维也纳 | C6: 美泉宫+维也纳历史中心 | D6: 9.1 | E6: 8.5 | F6: 8.2 | G6: 8.9 | H6: 8.7 | I6: 1-2天 | J6: 9 | K6: 中 | L6: 8.2 | M6: 9.2 | N6: 全年可游 | O6: 9.2 | P6: 4-6月,9-12月 | Q6: 文化 | R6: 9 | S6: 8.2 | T6: 8.9 | U6: 8.3 | V6: 4岁+ | W6: =ROUND((D6*评分权重!$F$2+E6*评分权重!$F$3+F6*评分权重!$F$4+G6*评分权重!$F$5+H6*评分权重!$F$6+J6*评分权重!$F$7+L6*评分权重!$F$8+M6*评分权重!$F$9+O6*评分权重!$F$10+Y6*评分权重!$F$11+R6*评分权重!$F$12+S6*评分权重!$F$13+T6*评分权重!$F$14+U6*评分权重!$F$15)*10,1) | X6: 由《欧洲国际版5A式景区报告_2026》转表；综合分按权重表公式重算 | Y6: =IFERROR(VLOOKUP(Q6,评分映射!$A$2:$B$10,2,FALSE),9)
A7: 芬兰 | B7: 赫尔辛基/罗瓦涅米 | C7: 圣诞老人村+拉普兰体验 | D7: 8.9 | E7: 9.2 | F7: 7.8 | G7: 8.7 | H7: 8.8 | I7: 1-3天 | J7: 8 | K7: 中高 | L7: 7.2 | M7: 7.5 | N7: 冬季特色强 | O7: 8.3 | P7: 12-3月 | Q7: 亲子/生态 | R7: 8.7 | S7: 7 | T7: 9.1 | U7: 8.4 | V7: 3-12岁 | W7: =ROUND((D7*评分权重!$F$2+E7*评分权重!$F$3+F7*评分权重!$F$4+G7*评分权重!$F$5+H7*评分权重!$F$6+J7*评分权重!$F$7+L7*评分权重!$F$8+M7*评分权重!$F$9+O7*评分权重!$F$10+Y7*评分权重!$F$11+R7*评分权重!$F$12+S7*评分权重!$F$13+T7*评分权重!$F$14+U7*评分权重!$F$15)*10,1) | X7: 由《欧洲国际版5A式景区报告_2026》转表；综合分按权重表公式重算 | Y7: =IFERROR(VLOOKUP(Q7,评分映射!$A$2:$B$10,2,FALSE),9)
A8: 葡萄牙 | B8: 辛特拉 | C8: 辛特拉文化景观 | D8: 9.1 | E8: 8.2 | F8: 7.4 | G8: 9 | H8: 8.8 | I8: 1天 | J8: 9.5 | K8: 中 | L8: 8.2 | M8: 8.8 | N8: 春秋最佳 | O8: 8.8 | P8: 4-6月,9-10月 | Q8: 文化/自然 | R8: 8.4 | S8: 8.7 | T8: 8.8 | U8: 8.3 | V8: 5岁+ | W8: =ROUND((D8*评分权重!$F$2+E8*评分权重!$F$3+F8*评分权重!$F$4+G8*评分权重!$F$5+H8*评分权重!$F$6+J8*评分权重!$F$7+L8*评分权重!$F$8+M8*评分权重!$F$9+O8*评分权重!$F$10+Y8*评分权重!$F$11+R8*评分权重!$F$12+S8*评分权重!$F$13+T8*评分权重!$F$14+U8*评分权重!$F$15)*10,1) | X8: 由《欧洲国际版5A式景区报告_2026》转表；综合分按权重表公式重算 | Y8: =IFERROR(VLOOKUP(Q8,评分映射!$A$2:$B$10,2,FALSE),9)
A9: 荷兰 | B9: 阿姆斯特丹 | C9: 运河环带+博物馆区 | D9: 9 | E9: 8.6 | F9: 8 | G9: 8.8 | H9: 8.9 | I9: 1-2天 | J9: 9 | K9: 中高 | L9: 7.2 | M9: 10 | N9: 春夏秋佳 | O9: 8.6 | P9: 4-10月 | Q9: 文化 | R9: 9 | S9: 7.4 | T9: 8.7 | U9: 8.1 | V9: 4岁+ | W9: =ROUND((D9*评分权重!$F$2+E9*评分权重!$F$3+F9*评分权重!$F$4+G9*评分权重!$F$5+H9*评分权重!$F$6+J9*评分权重!$F$7+L9*评分权重!$F$8+M9*评分权重!$F$9+O9*评分权重!$F$10+Y9*评分权重!$F$11+R9*评分权重!$F$12+S9*评分权重!$F$13+T9*评分权重!$F$14+U9*评分权重!$F$15)*10,1) | X9: 由《欧洲国际版5A式景区报告_2026》转表；综合分按权重表公式重算 | Y9: =IFERROR(VLOOKUP(Q9,评分映射!$A$2:$B$10,2,FALSE),9)
A10: 捷克 | B10: 布拉格 | C10: 布拉格历史中心 | D10: 9.2 | E10: 7.9 | F10: 7 | G10: 9.4 | H10: 8.9 | I10: 1-2天 | J10: 9 | K10: 中低 | L10: 8.7 | M10: 9 | N10: 春秋最佳 | O10: 8.8 | P10: 4-6月,9-10月 | Q10: 文化/独特 | R10: 8.4 | S10: 9 | T10: 8.2 | U10: 7.7 | V10: 7岁+ | W10: =ROUND((D10*评分权重!$F$2+E10*评分权重!$F$3+F10*评分权重!$F$4+G10*评分权重!$F$5+H10*评分权重!$F$6+J10*评分权重!$F$7+L10*评分权重!$F$8+M10*评分权重!$F$9+O10*评分权重!$F$10+Y10*评分权重!$F$11+R10*评分权重!$F$12+S10*评分权重!$F$13+T10*评分权重!$F$14+U10*评分权重!$F$15)*10,1) | X10: 由《欧洲国际版5A式景区报告_2026》转表；综合分按权重表公式重算 | Y10: =IFERROR(VLOOKUP(Q10,评分映射!$A$2:$B$10,2,FALSE),9)
A11: 挪威 | B11: 卑尔根/弗洛姆 | C11: 挪威峡湾 | D11: 9.5 | E11: 8.8 | F11: 7.8 | G11: 9.4 | H11: 9 | I11: 1-3天 | J11: 8 | K11: 高 | L11: 6.2 | M11: 7.2 | N11: 夏季最佳 | O11: 8.1 | P11: 6-8月 | Q11: 生态/独特 | R11: 8.5 | S11: 6.6 | T11: 9.4 | U11: 8.3 | V11: 6岁+ | W11: =ROUND((D11*评分权重!$F$2+E11*评分权重!$F$3+F11*评分权重!$F$4+G11*评分权重!$F$5+H11*评分权重!$F$6+J11*评分权重!$F$7+L11*评分权重!$F$8+M11*评分权重!$F$9+O11*评分权重!$F$10+Y11*评分权重!$F$11+R11*评分权重!$F$12+S11*评分权重!$F$13+T11*评分权重!$F$14+U11*评分权重!$F$15)*10,1) | X11: 由《欧洲国际版5A式景区报告_2026》转表；综合分按权重表公式重算 | Y11: =IFERROR(VLOOKUP(Q11,评分映射!$A$2:$B$10,2,FALSE),9)
A12: 意大利 | B12: 罗马 | C12: 罗马斗兽场-古罗马广场 | D12: 9.4 | E12: 7.8 | F12: 6.8 | G12: 9.3 | H12: 8.5 | I12: 1天 | J12: 9.5 | K12: 中 | L12: 8.2 | M12: 9.5 | N12: 避开盛夏 | O12: 8.3 | P12: 3-5月,10-11月 | Q12: 文化/独特 | R12: 8.8 | S12: 7.9 | T12: 7.8 | U12: 7.2 | V12: 8岁+ | W12: =ROUND((D12*评分权重!$F$2+E12*评分权重!$F$3+F12*评分权重!$F$4+G12*评分权重!$F$5+H12*评分权重!$F$6+J12*评分权重!$F$7+L12*评分权重!$F$8+M12*评分权重!$F$9+O12*评分权重!$F$10+Y12*评分权重!$F$11+R12*评分权重!$F$12+S12*评分权重!$F$13+T12*评分权重!$F$14+U12*评分权重!$F$15)*10,1) | X12: 由《欧洲国际版5A式景区报告_2026》转表；综合分按权重表公式重算 | Y12: =IFERROR(VLOOKUP(Q12,评分映射!$A$2:$B$10,2,FALSE),9)
A13: 葡萄牙 | B13: 波尔图 | C13: 杜罗河谷+波尔图历史区 | D13: 8.9 | E13: 7.8 | F13: 7.6 | G13: 9 | H13: 8.9 | I13: 1-2天 | J13: 9 | K13: 中 | L13: 8.2 | M13: 8.2 | N13: 春秋最佳 | O13: 8.8 | P13: 4-6月,9-10月 | Q13: 文化/风景 | R13: 8.3 | S13: 8.8 | T13: 8.8 | U13: 8.2 | V13: 6岁+ | W13: =ROUND((D13*评分权重!$F$2+E13*评分权重!$F$3+F13*评分权重!$F$4+G13*评分权重!$F$5+H13*评分权重!$F$6+J13*评分权重!$F$7+L13*评分权重!$F$8+M13*评分权重!$F$9+O13*评分权重!$F$10+Y13*评分权重!$F$11+R13*评分权重!$F$12+S13*评分权重!$F$13+T13*评分权重!$F$14+U13*评分权重!$F$15)*10,1) | X13: 由《欧洲国际版5A式景区报告_2026》转表；综合分按权重表公式重算 | Y13: =IFERROR(VLOOKUP(Q13,评分映射!$A$2:$B$10,2,FALSE),9)
... A31: 希腊 | B31: 圣托里尼 | C31: 伊亚-火山海景线 | D31: 9.1 | E31: 6.5 | F31: 5.8 | G31: 9.7 | H31: 8.8 | I31: 1-2天 | J31: 9 | K31: 中高 | L31: 7.2 | M31: 7.2 | N31: 春夏秋佳 | O31: 8.6 | P31: 5-10月 | Q31: 风景/独特 | R31: 7.8 | S31: 6.8 | T31: 7.8 | U31: 7 | V31: 10岁+ | W31: =ROUND((D31*评分权重!$F$2+E31*评分权重!$F$3+F31*评分权重!$F$4+G31*评分权重!$F$5+H31*评分权重!$F$6+J31*评分权重!$F$7+L31*评分权重!$F$8+M31*评分权重!$F$9+O31*评分权重!$F$10+Y31*评分权重!$F$11+R31*评分权重!$F$12+S31*评分权重!$F$13+T31*评分权重!$F$14+U31*评分权重!$F$15)*10,1) | X31: 由《欧洲国际版5A式景区报告_2026》转表；综合分按权重表公式重算 | Y31: =IFERROR(VLOOKUP(Q31,评分映射!$A$2:$B$10,2,FALSE),9)
